[
  {
    "name": "zupa pomidorowa",
    "category": "Soup",
    "price": 21.0,
    "description": "zupa pomidorowa Smaczna, pachnąca, wyrazista w smaku szybka zupa mocno pomidorowa na bazie podsmażonych warzyw z makaronem tagiatelle.Podane w lekko kremowej konsystencji z nutą świeżych ziół, zupa pomidorowa jest doskonałym wyborem dla osób ceniących so",
    "spiciness": "1"
  },
  {
    "name": "zupa pomidorowa ostra",
    "category": "Soup",
    "price": 24.0,
    "description": "Wykorzystujemy soczyste pomidory, które łączymy z intensywnymi przyprawami, takimi jak papryka chili, pieprz cayenne i świeży chrzan. Efektem jest zupa, która rozgrzewa podniebienie i dodaje energii. Podajemy ją w kremowej konsystencji, aby złagodzić ost",
    "spiciness": "4"
  },
  {
    "name": "Zupa krem z brokułów z orzechami włoskimi:",
    "category": "Soup",
    "price": 30.0,
    "description": "Delikatna zupa krem z soczystymi różyczkami brokułów, podana z chrupiącymi orzechami włoskimi, tworząca doskonałe połączenie subtelnego smaku i chrupkości.",
    "spiciness": "2"
  },
  {
    "name": "Zupa chińska z kurczakiem i makaronem ryżowym",
    "category": "Soup",
    "price": 33.0,
    "description": "Zupa o orientalnym charakterze, z soczystym kurczakiem, warzywami, grzybami shiitake i delikatnym makaronem ryżowym, zanurzona w aromatycznym bulionie.",
    "spiciness": "3"
  },
  {
    "name": "Dorsz pieczony w sosie pomidorowym z oliwkami:",
    "category": "Main Dish",
    "price": 38.0,
    "description": "Dorsz pieczony w aromatycznym sosie pomidorowym z dodatkiem czarnych oliwek, kaparów i świeżych ziół. Podawany z delikatnym puree z ziemniaków.",
    "spiciness": null
  },
  {
    "name": "Zapiekanka z łososiem i szpinakiem",
    "category": "Main Dish",
    "price": 40.0,
    "description": "Kawałki łososia duszone z szpinakiem i sosem śmietanowym, podane pod warstwą chrupiącej bułki tartej. Smakowite danie zapiekane",
    "spiciness": null
  },
  {
    "name": "Sernik cytrynowy z musem z truskawek",
    "category": "Dessert",
    "price": 23.0,
    "description": "Lekki sernik o smaku cytrynowym, podawany z delikatnym musem z truskawek. Kombinacja kremowej konsystencji i świeżości owoców.",
    "spiciness": null
  },
  {
    "name": "Tort Czekoladowo-Truskawkowy ",
    "category": "Dessert",
    "price": 25.0,
    "description": "zmysłowe połączenie wilgotnego ciasta czekoladowego, lekkiego kremu mascarpone i świeżych truskaw. Harmonia smaków i tekstur w każdym kęsie",
    "spiciness": null
  }
]